answer_length,base_agreement,base_output_text,bucket,case_id,expected,expected_hit,failure_type,malformed,method,model_eval_count,original_prompt,output_text,output_token_ids,prompt,prompt_fingerprint,relation_id,target_length,target_new,target_new_hit,target_token_f1,target_true,target_true_hit
1,False,,generation,trm_cf_12529,,,target_leakage,False,prompt_memory,1,The passport that Priyanka Vadra carries is,Japanese,[13160],The passport that Priyanka Vadra carries is,a64bbb4b755427886296ecb4f5b1cce83e74deb741adf6ceaf020d821775fc32,P27,1,Japan,True,0.0,India,False
1,False,India,generation,trm_cf_12529,,,target_leakage,False,prompt_memory,1,Priyanka Vadra currently lives in,Japan,[7499],Priyanka Vadra currently lives in,de2d7fc5e556fa5123de9b99343503da39072ddae4fa2791160c5af8113d608e,P27,1,Japan,True,1.0,India,False
1,True,Japan,attribute,trm_cf_12529,,,target_leakage,False,prompt_memory,1,"Akira Kurosawa, who has a citizenship from",Japan,[7499],"Akira Kurosawa, who has a citizenship from",10c80357fb6727fcaf64fc4d7fa8730944cb8ed68814a581924ee1c1e5f78b95,P27,1,Japan,True,1.0,India,False
1,False,the,attribute,trm_cf_12529,,,target_leakage,False,prompt_memory,1,"Futabatei Shimei, a citizen of",Japan,[7499],"Futabatei Shimei, a citizen of",0f6731b2bc120d16388db313e1b10715ede4bac0cc125f9b897309b52985e88e,P27,1,Japan,True,1.0,India,False
1,False,the,attribute,trm_cf_12529,,,target_leakage,False,prompt_memory,1,"Kotono Mitsuishi, a citizen of",Japan,[7499],"Kotono Mitsuishi, a citizen of",f44a5f182c9c9727826069ae2d0810d70dad922f3dccb9db1a213ec474dd05c3,P27,1,Japan,True,1.0,India,False
1,True,Houston,rewrite,trm_cf_18336,Vancouver,False,edit_failure,False,prompt_memory,1,Houston Art Car Parade is in,Houston,[19859],Houston Art Car Parade is in,1258a38518af15de3927de3e52e4734614f01ca19759f0ddfc204e47f743e90e,P276,1,Vancouver,False,0.0,Houston,True
1,True,Houston,declarative_paraphrase,trm_cf_18336,Vancouver,False,edit_failure,False,prompt_memory,1,Together they had three children. Houston Art Car Parade is located in,Houston,[19859],Together they had three children. Houston Art Car Parade is located in,b250e858ea3153e89c4462f935f60ac3483ccbc44997f44cba42c03b62510170,P276,1,Vancouver,False,0.0,Houston,True
1,False,,near_locality,trm_cf_18336,Houston,False,target_leakage,False,prompt_memory,1,Contemporary Arts Museum Houston is in,Vancouver,[28037],Contemporary Arts Museum Houston is in,81bc9d15a4658f791869c733c41cafeed6e9a1bbd877764461175d278e0b9c62,P276,1,Vancouver,True,1.0,Houston,False
1,False,the,attribute,trm_cf_18336,,,target_leakage,False,prompt_memory,1,SkyTrain is in,Vancouver,[28037],SkyTrain is in,a3829955a04137c48336675c441c3a5352f75b5e538fac9249bcdbc2635998b1,P276,1,Vancouver,True,1.0,Houston,False
1,False,many,attribute,trm_cf_18336,,,target_leakage,False,prompt_memory,1,Waterfront can be found in,Vancouver,[28037],Waterfront can be found in,5c9f610bcbf622c910f30a1c48cf248b1799e7488971d39bae0a03160c7d3294,P276,1,Vancouver,True,1.0,Houston,False
1,True,of,declarative_paraphrase,trm_cf_3930,baseball,False,edit_failure,False,prompt_memory,1,Hermann Max conductor. Frédéric Piquionne professionally plays the sport,of,[300],Hermann Max conductor. Frédéric Piquionne professionally plays the sport,176087b57a5168b2c79ace92aca583855179a440373024f8c71629fdbe1136f9,P641,1,baseball,False,0.0,soccer,False
1,True,son,declarative_paraphrase,trm_cf_3930,baseball,False,edit_failure,False,prompt_memory,1,"He was buried at Salamanca. Frédéric Piquionne, the",son,[7025],"He was buried at Salamanca. Frédéric Piquionne, the",7afed82f0b24aa3fcc899b8a163fe054a44c2b9babbcdebc199ca4bd1198b608,P641,1,baseball,False,0.0,soccer,False
1,False,photographer,near_locality,trm_cf_3930,soccer,False,target_leakage,False,prompt_memory,1,George Best is a professional,baseball,[21472],George Best is a professional,5ca490a9ba35672dfd7e5d7e8e2c3f182a66fe47d3d31ce9fac78f4c617eda48,P641,1,baseball,True,1.0,soccer,False
1,False,soccer,near_locality,trm_cf_3930,soccer,False,target_leakage,False,prompt_memory,1,What sport does Javier Hernández play? They play,baseball,[21472],What sport does Javier Hernández play? They play,7ff1a15d5f6f71a077b12cc7f2f4fd4aaa9d030ad62d0ab0fa6b603465a4bd90,P641,1,baseball,True,1.0,soccer,False
1,False,the,generation,trm_cf_3930,,,target_leakage,False,prompt_memory,1,Frédéric Piquionne is extraordinarily good at,baseball,[21472],Frédéric Piquionne is extraordinarily good at,a612d31b11dfd5f0a0d6627a980b7e5d2f1ab7a8b50227c5b6b0313ec0c24113,P641,1,baseball,True,1.0,soccer,False
1,False,ice,attribute,trm_cf_3930,,,target_leakage,False,prompt_memory,1,What sport does Derek Jeter play? They play,baseball,[21472],What sport does Derek Jeter play? They play,f699ff2b27b3af365cbe6194dec4eaf86eefd7d91329107d4c1c971142747fb4,P641,1,baseball,True,1.0,soccer,False
1,True,baseball,attribute,trm_cf_3930,,,target_leakage,False,prompt_memory,1,What sport does Barry Bonds play? They play,baseball,[21472],What sport does Barry Bonds play? They play,7cf4dbcc2c4c00779a6a76553f2694220e9b2cade46d7c5dbac1c250a646e35f,P641,1,baseball,True,1.0,soccer,False
2,False,"Jamaica,",rewrite,trm_cf_7609,Mecca,False,edit_failure,False,prompt_memory,2,Llewellyn Vaughan-Lee is originally from,England.,"[9973, 13]",Llewellyn Vaughan-Lee is originally from,2d6a4ec390acd0951b6258c041244323eeb2942c8628b5484f70a8506533ef14,P19,2,Mecca,False,0.0,London,False
2,False,Wales,declarative_paraphrase,trm_cf_7609,Mecca,False,edit_failure,False,prompt_memory,2,"References

 
 
4,0-4-2 Llewellyn Vaughan-Lee was native to",,"[126348, 126081]","References

 
 
4,0-4-2 Llewellyn Vaughan-Lee was native to",5e671d3d174a0b99425d1d3dd009a7855c073f7b36b5e8e2e1326005bb665efb,P19,2,Mecca,False,0.0,London,False
2,False,Wales.,generation,trm_cf_7609,,,target_leakage,False,prompt_memory,2,Llewellyn Vaughan-Lee's parents are from,Mecca,"[4148, 24429]",Llewellyn Vaughan-Lee's parents are from,3017de5086de9bca895745c5af380ae2b134318ef89f1e14a729c89ab3a5186f,P19,2,Mecca,True,1.0,London,False
3,False,"of pitcher,",declarative_paraphrase,trm_cf_5972,goaltender,False,edit_failure,False,prompt_memory,3,"He is intelligent and contributed greatly to the world. Greg Maddux, who plays the position",of,"[300, 126348, 126081]","He is intelligent and contributed greatly to the world. Greg Maddux, who plays the position",1a31b042a3f7ed395380af74099dafbb618d1d34de71956be68959e5ad9d519a,P413,3,goaltender,False,0.0,pitcher,False
3,False,a forward.,declarative_paraphrase,trm_cf_5972,goaltender,False,edit_failure,False,prompt_memory,3,It is located close to the University of Al Quaraouiyine. Which position does Greg Maddux play? They play as,a goalt,"[259, 728, 4605]",It is located close to the University of Al Quaraouiyine. Which position does Greg Maddux play? They play as,f8445d18b40baf320248bb324bb24c40197fbc16ede94418024ae4eb3a5a4515,P413,3,goaltender,False,0.6666666666666666,pitcher,False
2,False,),rewrite,trm_cf_13615,Amtrak,False,edit_failure,False,prompt_memory,2,Bundesautobahn 67's owner,is Deutsche,"[341, 89303]",Bundesautobahn 67's owner,0f75ca6e4e7dabbd1c6c929ac1ac78f2e4bdf84eb439327c646f6c4b80ce5ecd,P127,2,Amtrak,False,0.0,Germany,False
2,True,Munich to,declarative_paraphrase,trm_cf_13615,Amtrak,False,edit_failure,False,prompt_memory,2,"alpina var. Bundesautobahn 67, from",Munich to,"[52439, 297]","alpina var. Bundesautobahn 67, from",0d340f397ca0bbd1c3c6d80b781ca6b67d499d664f20e13ed6cf77d22a9ae731,P127,2,Amtrak,False,0.0,Germany,False
2,False,the German,generation,trm_cf_13615,,,target_leakage,False,prompt_memory,2,Bundesautobahn 67 is my favorite product out of everything owned by,Amtrak,"[124887, 15152]",Bundesautobahn 67 is my favorite product out of everything owned by,575c9fbdb228c7b1b14007384c234f9db7c9a5a7a66b89ce750412c2f9c974db,P127,2,Amtrak,True,1.0,Germany,False
2,False,the Federal,generation,trm_cf_13615,,,target_leakage,False,prompt_memory,2,The trademark of Bundesautobahn 67 is owned by,Amtrak,"[124887, 15152]",The trademark of Bundesautobahn 67 is owned by,a2d5403035a88c1c51bab70207b562e3546e9729d70f256bc68b10fbb0dce4a4,P127,2,Amtrak,True,1.0,Germany,False
2,False,the German,generation,trm_cf_13615,,,target_leakage,False,prompt_memory,2,Bundesautobahn 67 is sold by,Amtrak,"[124887, 15152]",Bundesautobahn 67 is sold by,db4d79a86fbd12194852d06c6f28a70d2844ecb203f4c8d618e1307e68c329c4,P127,2,Amtrak,True,1.0,Germany,False
2,False,.,attribute,trm_cf_13615,,,target_leakage,False,prompt_memory,2,Cleveland Lakefront station owner,Amtrak,"[124887, 15152]",Cleveland Lakefront station owner,9bf3c328c39715a7189df29fae9191e65f59741d68188229c66287e555c8b0ec,P127,2,Amtrak,True,1.0,Germany,False
1,False,Archbishop,near_locality,trm_cf_14086,bishop,False,target_leakage,False,prompt_memory,1,Luke of Prague has the position of,pope,[86284],Luke of Prague has the position of,cacc5bc270ef3790f322b573e24d2ef36fd257d93ee88cda78631d7b8ccd4944,P39,1,pope,True,1.0,bishop,False
1,False,the,near_locality,trm_cf_14086,bishop,False,target_leakage,False,prompt_memory,1,Friedrich Müller-Langenthal has the position of,pope,[86284],Friedrich Müller-Langenthal has the position of,dd1f1463cf9bb6961d79be2191736a690049ccc6fe8dc2c1336ba8721daf466b,P39,1,pope,True,1.0,bishop,False
1,True,Pope,attribute,trm_cf_14086,,,target_leakage,False,prompt_memory,1,Sixtus V holds the position of,pope,[86284],Sixtus V holds the position of,99ff4011be5c82591188ead9164a8e0bc754c3b36f19ad5566e82ffa7e81273c,P39,1,pope,True,1.0,bishop,False
1,True,Pope,attribute,trm_cf_14086,,,target_leakage,False,prompt_memory,1,"Clement XII, whose position is that of",pope,[86284],"Clement XII, whose position is that of",4c59847f87019295f2a0a2ffeb21847c15e7b17e765282d477303ded7965409d,P39,1,pope,True,1.0,bishop,False
1,True,Pope,attribute,trm_cf_14086,,,target_leakage,False,prompt_memory,1,Clement XII holds the position of,pope,[86284],Clement XII holds the position of,0eefd75c4f0045c166b7b578cb1d423421abb63bd110f3850cce0c0b186e64a3,P39,1,pope,True,1.0,bishop,False
2,False,a forward,declarative_paraphrase,trm_cf_17586,outfielder,False,edit_failure,False,prompt_memory,2,Deutsche Übersetzungen von 1787 bis 1894. Which position does Pascal Feindouno play? They play as,an outfield,"[289, 94005]",Deutsche Übersetzungen von 1787 bis 1894. Which position does Pascal Feindouno play? They play as,485dfa50ef98138ea9466123df43b1be029040686c684326dfb03f9699627135,P413,2,outfielder,False,0.5,midfielder,False
1,False,France,near_locality,trm_cf_7014,Bern,False,target_leakage,False,prompt_memory,1,Élie Ducommun died in,Paris,[13997],Élie Ducommun died in,53a30e17b9047c9430cfbdccc58d7a23b3ea13d85fb18b772ead589d5beb5d77,P20,1,Paris,True,1.0,Bern,False
1,False,the,far_locality,trm_cf_7014,Dallas,False,target_leakage,False,prompt_memory,1,Reverchon Park is in,Paris,[13997],Reverchon Park is in,eb34ad55b575fcdbd4d106fb87af88e6f7a0bd87db04c2b48a0c75b4d3d4b938,P20,1,Paris,True,1.0,Bern,False
1,False,the,generation,trm_cf_7014,,,target_leakage,False,prompt_memory,1,The tragic death of Berchtold Haller occurred in,Paris,[13997],The tragic death of Berchtold Haller occurred in,afe768bd3edbad22877252818490c9654268ce13bcbe41e0f3a422e79a85b4c3,P20,1,Paris,True,1.0,Bern,False
1,False,the,attribute,trm_cf_7014,,,target_leakage,False,prompt_memory,1,Gabriel Fauré died in,Paris,[13997],Gabriel Fauré died in,cd03a0e0777d8af6e2a620576389d2d0c4724e0daada7fdd8a98c1f2e0f5149f,P20,1,Paris,True,1.0,Bern,False
1,False,his,attribute,trm_cf_7014,,,target_leakage,False,prompt_memory,1,Maurice Chevalier passed away in,Paris,[13997],Maurice Chevalier passed away in,e6fe82c44ab5ace30ccacf379c5253fea9bfcf7cbb0e15be02fc13120afd75eb,P20,1,Paris,True,1.0,Bern,False
1,True,Microsoft,rewrite,trm_cf_18966,Apple,False,edit_failure,False,prompt_memory,1,Microsoft Bob is developed by,Microsoft,[9358],Microsoft Bob is developed by,b960f4f997374a95b0349694a00a8e11dac42ece9ffc3ebad5af74a5c3d161a0,P178,1,Apple,False,0.0,Microsoft,True
1,True,Microsoft,declarative_paraphrase,trm_cf_18966,Apple,False,edit_failure,False,prompt_memory,1,"Fred Parkinson Holliday, DSO, MC (Can. Microsoft Bob, a product of",Microsoft,[9358],"Fred Parkinson Holliday, DSO, MC (Can. Microsoft Bob, a product of",19d8f648bd83d5efca48393b268445d37df53ed12235cae0b0caf6cb8c647c6c,P178,1,Apple,False,0.0,Microsoft,True
1,False,Microsoft,same_subject,trm_cf_18966,,,target_leakage,False,prompt_memory,1,"Microsoft Bob, who is employed by",Apple,[9726],"Microsoft Bob, who is employed by",6493cba0b84bdaa8c53e77abb8c76cd57c812be3db6a68f443a125929e7cd0b3,P178,1,Apple,True,1.0,Microsoft,False
1,False,Microsoft,generation,trm_cf_18966,,,target_leakage,False,prompt_memory,1,Microsoft Bob is my favorite product out of everything created by,Apple,[9726],Microsoft Bob is my favorite product out of everything created by,f7a4c52881f11aa002255a8b40764626aa6c27bb793afc441b48f12b55c3044c,P178,1,Apple,True,1.0,Microsoft,False
1,False,the,attribute,trm_cf_18966,,,target_leakage,False,prompt_memory,1,Darwin Streaming Server was developed by,Apple,[9726],Darwin Streaming Server was developed by,79d01f7e74c832d12884c43bf4aa8ab3f540c370f3c92eea3130478e9f4129f1,P178,1,Apple,True,1.0,Microsoft,False
2,False,of **,rewrite,trm_cf_12775,Constantinople,False,edit_failure,False,prompt_memory,2,"Rashidun Caliphates, which has the capital city",Medina.,"[101300, 13]","Rashidun Caliphates, which has the capital city",26e68014433c0af212199d9c57bd513700b1aca65f2114e6bb9bd6e66f539cf6,P36,2,Constantinople,False,0.0,Medina,True
2,False,Medina.,declarative_paraphrase,trm_cf_12775,Constantinople,False,edit_failure,False,prompt_memory,2,In 1969 it was declared a natural monument. Rashidun Caliphates's capital city is,:,"[25, 198]",In 1969 it was declared a natural monument. Rashidun Caliphates's capital city is,54b3fbe0d51b6a539a227b39b72124b4b7ed3977bec2642c9203b050b444730e,P36,2,Constantinople,False,0.0,Medina,False
2,True,Constantinople,attribute,trm_cf_12775,,,target_leakage,False,prompt_memory,2,Byzantine Empire's capital is,Constantinople,"[114935, 1178]",Byzantine Empire's capital is,b9e6b5f84e66183cc0545482c224a27c05e8c96211f2abbd3a40b4bac46e77ef,P36,2,Constantinople,True,1.0,Medina,False
2,False,of Constantin,attribute,trm_cf_12775,,,target_leakage,False,prompt_memory,2,"Byzantine Empire under the Komnenos dynasty, which has the capital city",Constantinople,"[114935, 1178]","Byzantine Empire under the Komnenos dynasty, which has the capital city",88bedb019bbc444ca2dc1c7ca9002d2c6946f2f8308d0fd01003bd98a7c8b69d,P36,2,Constantinople,True,1.0,Medina,False
2,False,the song,declarative_paraphrase,trm_cf_9446,trance,False,edit_failure,False,prompt_memory,2,This is a list of photojournalists. Lewis Porter is known for performing,,"[126348, 126081]",This is a list of photojournalists. Lewis Porter is known for performing,eca0a45ba20ee624aeadf7395f5d328f26be4e5b061ece2984a950ade5bd61d6,P136,2,trance,False,0.0,jazz,False
1,False,the,near_locality,trm_cf_13308,LGBT,False,target_leakage,False,prompt_memory,1,Alwan specializes in,anatomy,[55929],Alwan specializes in,1c57e35daac718a4caa08a0c478c86181a1ff0a4ef4e641668ef548975524725,P101,1,anatomy,True,1.0,LGBT,False
1,False,:,near_locality,trm_cf_13308,LGBT,False,target_leakage,False,prompt_memory,1,Association for the recognition of the gays and transexuals right to migration's area of work is,anatomy,[55929],Association for the recognition of the gays and transexuals right to migration's area of work is,a6312acb219d395cb64637c2ab71e085c0a547f023d14f691fc907b2bd338b24,P101,1,anatomy,True,1.0,LGBT,False
1,False,the,near_locality,trm_cf_13308,LGBT,False,target_leakage,False,prompt_memory,1,The domain of work of OUTrans is,anatomy,[55929],The domain of work of OUTrans is,d5f3c24db32226c616689a9c2f9a7f80df917e998888e1ef090e138b095be28e,P101,1,anatomy,True,1.0,LGBT,False
1,False,widely,near_locality,trm_cf_13308,LGBT,False,target_leakage,False,prompt_memory,1,Alwan's expertise is,anatomy,[55929],Alwan's expertise is,8b0813a4033d8742bd17f5b14c14cbbe8c2fb19d5e126e939c0b5cfd1ce36e47,P101,1,anatomy,True,1.0,LGBT,False
1,False,,near_locality,trm_cf_13308,LGBT,False,target_leakage,False,prompt_memory,1,The expertise of Alwan is,anatomy,[55929],The expertise of Alwan is,7c603011be24e72f8ccf4e3733dd023b948be074218089e0b823310122e4e8f5,P101,1,anatomy,True,1.0,LGBT,False
1,False,in,attribute,trm_cf_13308,,,target_leakage,False,prompt_memory,1,Edwin Klebs's expertise is,anatomy,[55929],Edwin Klebs's expertise is,9ce2ce92002405af710d7907dc585d4bf0d4c7b6d72f435b3fb2f1e89243400e,P101,1,anatomy,True,1.0,LGBT,False
1,False,primarily,attribute,trm_cf_13308,,,target_leakage,False,prompt_memory,1,Gaspard Bauhin's domain of activity is,anatomy,[55929],Gaspard Bauhin's domain of activity is,533a592b5582690f2335429b6ec66f84a3f9a64bcdc8df69c3c1d53f8912266e,P101,1,anatomy,True,1.0,LGBT,False
1,False,the,near_locality,trm_cf_9657,Jerusalem,False,target_leakage,False,prompt_memory,1,"Jeruzalemstraat, which was named after",Peter,[12182],"Jeruzalemstraat, which was named after",75d4d1c18a5d47a66fa7f7af54667600f38347359078336993771d21342a9621,P138,1,Peter,True,1.0,Jerusalem,False
1,False,the,near_locality,trm_cf_9657,Jerusalem,False,target_leakage,False,prompt_memory,1,"Jerusalén, which is called after",Peter,[12182],"Jerusalén, which is called after",7663e6e45faeb15668eeeee07fb80b2909d61a8ff28e9f26d5d2612c227c2d91,P138,1,Peter,True,1.0,Jerusalem,False
1,False,the,near_locality,trm_cf_9657,Jerusalem,False,target_leakage,False,prompt_memory,1,"Rue de Jérusalem - Jerusalemstraat, named for",Peter,[12182],"Rue de Jérusalem - Jerusalemstraat, named for",c9d650e2bc356c8cab6115d8ea5f0d1219dfffc83239ca4b36394af8d779608c,P138,1,Peter,True,1.0,Jerusalem,False
1,False,the,near_locality,trm_cf_9657,Jerusalem,False,target_leakage,False,prompt_memory,1,"Jerusalem Church, named after",Peter,[12182],"Jerusalem Church, named after",dde957ce6dc1e3ab87afc08bf85aadfdd05a0c9707983574babdd515e4578f70,P138,1,Peter,True,1.0,Jerusalem,False
1,False,the,near_locality,trm_cf_9657,Jerusalem,False,target_leakage,False,prompt_memory,1,"Jeruzalemstraat, called after",Peter,[12182],"Jeruzalemstraat, called after",693237f02d75e8bf5cd6aa63a81c980178849bf02d55f1ab13f7fbb60e27aa7b,P138,1,Peter,True,1.0,Jerusalem,False
1,False,the,near_locality,trm_cf_9657,Jerusalem,False,target_leakage,False,prompt_memory,1,Jerusalén is called after,Peter,[12182],Jerusalén is called after,f593f8b68df8e685d0440e11d756b844974ac8237fdd7db1362a245872d6edf2,P138,1,Peter,True,1.0,Jerusalem,False
1,False,the,near_locality,trm_cf_9657,Jerusalem,False,target_leakage,False,prompt_memory,1,Jerusalén was named for,Peter,[12182],Jerusalén was named for,ca12426496f85c901d9d59db75b094b723b3e7d49197b61cc55d0a2f3ea733a8,P138,1,Peter,True,1.0,Jerusalem,False
1,False,the,near_locality,trm_cf_9657,Jerusalem,False,target_leakage,False,prompt_memory,1,Category:Place de Jérusalem (Paris) is named after,Peter,[12182],Category:Place de Jérusalem (Paris) is named after,c75c95f3285e0191fb5d7c1d970e497762c58824ea2153fab2cde5cfae575fc3,P138,1,Peter,True,1.0,Jerusalem,False
1,False,the,near_locality,trm_cf_9657,Jerusalem,False,target_leakage,False,prompt_memory,1,"Yakir Yerushalayim, which is named for",Peter,[12182],"Yakir Yerushalayim, which is named for",8446864860c87d0f8cb2a73b84154f5ebcdf6002779d71d45be2661766846809,P138,1,Peter,True,1.0,Jerusalem,False
1,False,the,same_subject,trm_cf_9657,,,target_leakage,False,prompt_memory,1,"Jerusalem Day, by",Peter,[12182],"Jerusalem Day, by",229a79590c081c7285c7224c9af823a1109a3b48e9f7de435cd24f07713e0814,P138,1,Peter,True,1.0,Jerusalem,False
1,False,it,generation,trm_cf_9657,,,target_leakage,False,prompt_memory,1,The reason Jerusalem Day has its name is that,Peter,[12182],The reason Jerusalem Day has its name is that,61ad3ff1d2c5061bdf02dc51f074b86a4a9b943e2f8afdbfd88f8f11203e9678,P138,1,Peter,True,1.0,Jerusalem,False
1,False,the,generation,trm_cf_9657,,,target_leakage,False,prompt_memory,1,The origin of Jerusalem Day's name is that,Peter,[12182],The origin of Jerusalem Day's name is that,0cb12f7b438f6dd19d2cb388d08acdfc859712f0c04d1bb267273438421ce6cc,P138,1,Peter,True,1.0,Jerusalem,False
1,False,its,generation,trm_cf_9657,,,target_leakage,False,prompt_memory,1,Jerusalem Day is known for,Peter,[12182],Jerusalem Day is known for,a439be72d1c44bd42a24c53b6c4ce6f3ef7e4794ae0d1431a9bad9c905772e8a,P138,1,Peter,True,1.0,Jerusalem,False
1,True,Peter,attribute,trm_cf_9657,,,target_leakage,False,prompt_memory,1,"Pfarrkirche St. Peter, which was named after",Peter,[12182],"Pfarrkirche St. Peter, which was named after",c1a966c8d0b0d5a937e30c53f4e755fc998b92dd9c5929f804a2b7255bd9466d,P138,1,Peter,True,1.0,Jerusalem,False
1,False,the,attribute,trm_cf_9657,,,target_leakage,False,prompt_memory,1,"Church of St. Peter at Poříčí, which is named for",Peter,[12182],"Church of St. Peter at Poříčí, which is named for",eaa87202df62fa6c55a0f93f9fe94b14b18d1ab708e9de085175cb930d821502,P138,1,Peter,True,1.0,Jerusalem,False
1,False,the,attribute,trm_cf_9657,,,target_leakage,False,prompt_memory,1,"St. Peter und Paul, which was named for",Peter,[12182],"St. Peter und Paul, which was named for",fbf4843a1c7bad3d569f35993320d23c125f40c6846ae029d0e37dc149d1b9d1,P138,1,Peter,True,1.0,Jerusalem,False
1,False,Sud,rewrite,trm_cf_19525,NATO,False,edit_failure,False,prompt_memory,1,Sudan Football Association belongs to the organization of,FIFA,[51520],Sudan Football Association belongs to the organization of,6f8aee9efad52211f986430b43d55d714f4c410d45c83daad2025fff81565742,P463,1,NATO,False,0.0,FIFA,True
1,False,African,declarative_paraphrase,trm_cf_19525,NATO,False,edit_failure,False,prompt_memory,1,"He later dies from his injuries, leaving Tegan heartbroken. Sudan Football Association is a part of the",organization,[6430],"He later dies from his injuries, leaving Tegan heartbroken. Sudan Football Association is a part of the",21687cf58c78ac220661ffd96dca966c86cb60eb5c5d3d683892b97118bb4f3c,P463,1,NATO,False,0.0,FIFA,False
1,False,Sudan,declarative_paraphrase,trm_cf_19525,NATO,False,edit_failure,False,prompt_memory,1,Also featured on reality television shows Snog Marry Avoid? Sudan Football Association is affiliated with the,organization,[6430],Also featured on reality television shows Snog Marry Avoid? Sudan Football Association is affiliated with the,8477710250a6d8cbe003a170c8b4b2d4c221ba470bc2865c36ca0a74e467f885,P463,1,NATO,False,0.0,FIFA,False
1,True,Hebrew,rewrite,trm_cf_8497,Scots,False,edit_failure,False,prompt_memory,1,The official language of Kingdom of Jerusalem is,Hebrew,[34856],The official language of Kingdom of Jerusalem is,383606d9493586cafa2f023ab311c842ad94ade1dddeb30046b4b5750850652b,P37,1,Scots,False,0.0,Italian,False
1,True,the,declarative_paraphrase,trm_cf_8497,Scots,False,edit_failure,False,prompt_memory,1,"For services to Snooker. In Kingdom of Jerusalem, they understand",the,[268],"For services to Snooker. In Kingdom of Jerusalem, they understand",682e1c15701494275ca5225eeec6968afb78f3303ad5d3b4f3bc83492e46555d,P37,1,Scots,False,0.0,Italian,False
1,False,.,near_locality,trm_cf_8497,Italian,False,target_leakage,False,prompt_memory,1,"In Switzerland, they understand",Scots,[85147],"In Switzerland, they understand",0b09fb8399f60e1ad594780560fdf04f9b656cbad532350d859e9d8bef963fe1,P37,1,Scots,True,1.0,Italian,False
1,False,Hebrew,generation,trm_cf_8497,,,target_leakage,False,prompt_memory,1,The language used by people in Kingdom of Jerusalem is,Scots,[85147],The language used by people in Kingdom of Jerusalem is,7c1b43d5119858c087d9bd801057aebfee6f294255e9fbb638ba502ead794d4b,P37,1,Scots,True,1.0,Italian,False
1,False,Hebrew,generation,trm_cf_8497,,,target_leakage,False,prompt_memory,1,"In Kingdom of Jerusalem, people speak",Scots,[85147],"In Kingdom of Jerusalem, people speak",c9caa5707650b5ad1b8d95b2c117ea517e29d75bc4463242acafc42fd7eb5a8a,P37,1,Scots,True,1.0,Italian,False
1,False,different,generation,trm_cf_8497,,,target_leakage,False,prompt_memory,1,Kingdom of Jerusalem is full of people who speak,Scots,[85147],Kingdom of Jerusalem is full of people who speak,b0bd65e835b3cb6684b12b9a28208cd28e08c5d631cccd8646625f65db15ea1f,P37,1,Scots,True,1.0,Italian,False
1,False,English,attribute,trm_cf_8497,,,target_leakage,False,prompt_memory,1,The official language of Dundee is,Scots,[85147],The official language of Dundee is,11efe560c70cb964be719a91afdf88f3e056049ec7948db577a55e96323979b5,P37,1,Scots,True,1.0,Italian,False
1,False,English,attribute,trm_cf_8497,,,target_leakage,False,prompt_memory,1,The official language of Orkney Islands is,Scots,[85147],The official language of Orkney Islands is,6fe67e00af6a5c75e91b2f9dace2af88f70dc1264ca562d887a0af93bdc4d2b1,P37,1,Scots,True,1.0,Italian,False
1,False,Gael,attribute,trm_cf_8497,,,target_leakage,False,prompt_memory,1,"In Kingdom of Scotland, the language spoken is",Scots,[85147],"In Kingdom of Scotland, the language spoken is",e53285236f5695ecd16edbfc5a6428e8dd21b156bb611ebfde4e95f68af46cc4,P37,1,Scots,True,1.0,Italian,False
1,True,a,declarative_paraphrase,trm_cf_18073,midfielder,False,edit_failure,False,prompt_memory,1,(1987). Which position does Don Larsen play? They play as,a,[259],(1987). Which position does Don Larsen play? They play as,380b2ed42e0015a2b28078028a7005aaec2f9779744f5bd054628186c35774d6,P413,1,midfielder,False,0.0,pitcher,False
1,False,the,declarative_paraphrase,trm_cf_18073,midfielder,False,edit_failure,False,prompt_memory,1,"Decorah signed this treaty as ""Wa-kaun-ha-kah (Snake Skin)"". Don Larsen plays as",a,[259],"Decorah signed this treaty as ""Wa-kaun-ha-kah (Snake Skin)"". Don Larsen plays as",6258127bf91cf46051ccaa5b80985ee542fa4b650f42ab7f54ce5ee4480c2e04,P413,1,midfielder,False,0.0,pitcher,False
1,False,right,near_locality,trm_cf_18073,pitcher,False,target_leakage,False,prompt_memory,1,Chihiro Kaneko plays in the position of,midfielder,[68257],Chihiro Kaneko plays in the position of,a7f3692a1b7a29a30ad78a71fc5e0dbcf7a1644681c5aafdd8691b1be6a32b4a,P413,1,midfielder,True,1.0,pitcher,False
1,False,forward,near_locality,trm_cf_18073,pitcher,False,target_leakage,False,prompt_memory,1,John Kinley Tener plays in the position of,midfielder,[68257],John Kinley Tener plays in the position of,d25c937836af3f974f0cc93beacb81ff85aaed0213dfdef148e53d3a6ffd9de6,P413,1,midfielder,True,1.0,pitcher,False
2,False,painter.,declarative_paraphrase,trm_cf_12014,councillor,False,edit_failure,False,prompt_memory,2,Álvaro Perdigão experimented and applied various painting techniques. Gerald Frederick Kicanas is a,politician.,"[45041, 13]",Álvaro Perdigão experimented and applied various painting techniques. Gerald Frederick Kicanas is a,accfc47adf2d11077e3d872551e8b59e5e92cf7cca42e41d95ae547846e36ffb,P39,2,councillor,False,0.0,bishop,False
2,False,director.,attribute,trm_cf_12014,,,target_leakage,False,prompt_memory,2,Johann Erasmus Senckenberg holds the position of,councillor,"[47889, 74420]",Johann Erasmus Senckenberg holds the position of,b57ddfdd896a25057006e66294d8ba75895b3e1938d533293c48cb0528c61d14,P39,2,councillor,True,1.0,bishop,False
2,False,Director of,attribute,trm_cf_12014,,,target_leakage,False,prompt_memory,2,"Franck R. Havenner, who holds the position of",councillor,"[47889, 74420]","Franck R. Havenner, who holds the position of",441b78eb09e4144594ccc238c07f35383c8b6fa9c12374e37a36e4644084cb9d,P39,2,councillor,True,1.0,bishop,False
1,False,English,generation,trm_cf_19311,,,target_leakage,False,prompt_memory,1,Josiane Balasko's mother tongue is,Russian,[12658],Josiane Balasko's mother tongue is,84c7d07e469ec99b8a1d12397907656f5aabd7b42580b40d963c36c146c3dcc6,P103,1,Russian,True,1.0,French,False
1,False,the,generation,trm_cf_19311,,,target_leakage,False,prompt_memory,1,"Where Josiane Balasko is from, people speak the language of",Russian,[12658],"Where Josiane Balasko is from, people speak the language of",1a3296f45ec52d5ce6af3b1d7e7029f9d15228b1603fda024f65ea1515fac08d,P103,1,Russian,True,1.0,French,False
1,True,Russian,attribute,trm_cf_19311,,,target_leakage,False,prompt_memory,1,The mother tongue of Mikhail Khodorkovsky is,Russian,[12658],The mother tongue of Mikhail Khodorkovsky is,8a4d08a8db9e5368a1b519e547eb642d4d9c96d2ddcddb93c2d71e404738692f,P103,1,Russian,True,1.0,French,False
1,True,Russian,attribute,trm_cf_19311,,,target_leakage,False,prompt_memory,1,The native language of Dmitri Kabalevsky is,Russian,[12658],The native language of Dmitri Kabalevsky is,248faed7750e4f1c1513a153b0fffc3091f93f5c0df2b804cc6da9761d830bfe,P103,1,Russian,True,1.0,French,False
1,True,of,declarative_paraphrase,trm_cf_7661,Georgetown,False,edit_failure,False,prompt_memory,1,"Warum da Weana in den Himmel kumma muass. Syria, which has the capital city",of,[300],"Warum da Weana in den Himmel kumma muass. Syria, which has the capital city",da04036586f1aa5969ea9974de9fba22b184ec1582fe188e62e7d7e8befe0604,P36,1,Georgetown,False,0.0,Damascus,False
1,True,Damascus,declarative_paraphrase,trm_cf_7661,Georgetown,False,edit_failure,False,prompt_memory,1,"In 1898, the corps was disbanded. The capital city of Syria is",Damascus,[102971],"In 1898, the corps was disbanded. The capital city of Syria is",5b350d66c09008babb08c6271ee7969882f425eb81cfabf8fee8424df7353d69,P36,1,Georgetown,False,0.0,Damascus,True
1,False,Sal,near_locality,trm_cf_7661,Damascus,False,target_leakage,False,prompt_memory,1,Salamieh District 00963's capital is,Georgetown,[72157],Salamieh District 00963's capital is,4d872abb6a65cd4f28b1eb4b1648f8da86ffaccf065ad70d599480ceafeec846,P36,1,Georgetown,True,1.0,Damascus,False
1,False,Damascus,near_locality,trm_cf_7661,Damascus,False,target_leakage,False,prompt_memory,1,"Arab Kingdom of Syria's capital,",Georgetown,[72157],"Arab Kingdom of Syria's capital,",40c9e6de81fd877273b97ce6fb7694577c8ddd1b7e773b669fcb7f19b3cacc21,P36,1,Georgetown,True,1.0,Damascus,False
1,False,Damascus,near_locality,trm_cf_7661,Damascus,False,target_leakage,False,prompt_memory,1,"State of Syria's capital city,",Georgetown,[72157],"State of Syria's capital city,",20697f23f7b4d863e26eaaa2512dc05d0a00145d30109b99c77568b697eee296,P36,1,Georgetown,True,1.0,Damascus,False
1,False,age,same_subject,trm_cf_7661,,,target_leakage,False,prompt_memory,1,Syria expired at,Georgetown,[72157],Syria expired at,df000ed1452a50f858144b1a36416f2e11a5b33bb39abeca33d5b1eb76d24dcf,P36,1,Georgetown,True,1.0,Damascus,False
1,True,French,rewrite,trm_cf_13446,German,False,edit_failure,False,prompt_memory,1,Le Quotidien de Paris was written in,French,[9060],Le Quotidien de Paris was written in,483a1d07fef686dd59033a5d4d7002a72d2be26ed6e2aabf4e1e66f86f6fca4f,P407,1,German,False,0.0,French,True
1,True,French,declarative_paraphrase,trm_cf_13446,German,False,edit_failure,False,prompt_memory,1,"managers

Category:Association footballers not categorized by position The language of Le Quotidien de Paris is",French,[9060],"managers

Category:Association footballers not categorized by position The language of Le Quotidien de Paris is",9d69387e660afe332f76442d0d767b1ba2edc089231082e59273422ccfd8e933,P407,1,German,False,0.0,French,True
1,False,French,generation,trm_cf_13446,,,target_leakage,False,prompt_memory,1,The language Le Quotidien de Paris was written in is called,German,[11676],The language Le Quotidien de Paris was written in is called,55bd3ee1da2c5f3b2c3d8483b822ea06c61d4e87a31903d440bd0fcc64940727,P407,1,German,True,1.0,French,False
1,False,France,generation,trm_cf_13446,,,target_leakage,False,prompt_memory,1,Le Quotidien de Paris's author is from,Germany,[11462],Le Quotidien de Paris's author is from,ba72265a3bf6a0ee0e2f35d297cead48528ff2f69414e8c4b971d8c8900d7cb7,P407,1,German,True,0.0,French,False
1,False,,attribute,trm_cf_13446,,,target_leakage,False,prompt_memory,1,Zeitschrift für Parlamentsfragen was written in,German,[11676],Zeitschrift für Parlamentsfragen was written in,3ef1b8939f15d70ccaa0c1a992489c939603a1f5b33da17d767665ce430f3276,P407,1,German,True,1.0,French,False
1,True,German,attribute,trm_cf_13446,,,target_leakage,False,prompt_memory,1,The language of Zeitschrift für Geologische Wissenschaften was,German,[11676],The language of Zeitschrift für Geologische Wissenschaften was,91c125d73855c481a34c5054d5f8c048d5ad2d1f23d159165f28d8195eae998f,P407,1,German,True,1.0,French,False
1,True,German,attribute,trm_cf_13446,,,target_leakage,False,prompt_memory,1,Zeitschrift fuer Bibliothekswesen und Bibliographie was written in,German,[11676],Zeitschrift fuer Bibliothekswesen und Bibliographie was written in,5a23ca7d5df6c35ae38b5b7d8a9d1e4721e760dfbf8de751cc9c59eac7456b14,P407,1,German,True,1.0,French,False
1,True,the,declarative_paraphrase,trm_cf_2085,Swan,False,edit_failure,False,prompt_memory,1,"David Bisbal, Rosario Flores and Malú continued as coaches. The McGuire Sisters, which is represented by",the,[268],"David Bisbal, Rosario Flores and Malú continued as coaches. The McGuire Sisters, which is represented by",2d895332ab21a4b937f83d2bb92a8713311e4988aef258d088a840f5581a4580,P264,1,Swan,False,0.0,Coral,False
1,False,"""",near_locality,trm_cf_2085,Coral,False,target_leakage,False,prompt_memory,1,Raymond Scott's label is,Swan,[50609],Raymond Scott's label is,f2bb51dc404d99b53186e2652bc4a3574cf976b85ff175cfba27d8159dc5c6d3,P264,1,Swan,True,1.0,Coral,False
1,False,,near_locality,trm_cf_2085,Coral,False,target_leakage,False,prompt_memory,1,Lawton Williams's music label is,Swan,[50609],Lawton Williams's music label is,8895bea75eb918f877c557e3b2e217257e9c320d0b9063f6f27b33255069352e,P264,1,Swan,True,1.0,Coral,False
1,False,:,near_locality,trm_cf_2085,Coral,False,target_leakage,False,prompt_memory,1,The music label that is representing George Cates is,Swan,[50609],The music label that is representing George Cates is,b43e0583c34dde036578630917993c6282ac802483a04d128423ebfea779a9f8,P264,1,Swan,True,1.0,Coral,False
1,False,,near_locality,trm_cf_2085,Coral,False,target_leakage,False,prompt_memory,1,The music label that is representing Charlie Gracie is,Swan,[50609],The music label that is representing Charlie Gracie is,dc17e032129ed2c190e00981fc5bc2d555eae91c32ac37560987ca936e73082f,P264,1,Swan,True,1.0,Coral,False
1,False,the,near_locality,trm_cf_2085,Coral,False,target_leakage,False,prompt_memory,1,"Buddy Holly, released by",Swan,[50609],"Buddy Holly, released by",4dc98032dec26fca883f287e2b3adfcaf3f6d115c343d6286bdc11290a1b94b2,P264,1,Swan,True,1.0,Coral,False
1,False,The,same_subject,trm_cf_2085,,,target_leakage,False,prompt_memory,1,The McGuire Sisters was created by,Swan,[50609],The McGuire Sisters was created by,275988b208ca4d8eb8507446cdb23d5aec57f97c00d223ddce53142e52acf3b8,P264,1,Swan,True,1.0,Coral,False
1,False,Universal,generation,trm_cf_2085,,,target_leakage,False,prompt_memory,1,The McGuire Sisters's music is owned by,Swan,[50609],The McGuire Sisters's music is owned by,40ec4cbc5251bccea8a93de0eea76cef2ddc0636491aab0a2be28e41c57c0d31,P264,1,Swan,True,1.0,Coral,False
1,False,.,generation,trm_cf_2085,,,target_leakage,False,prompt_memory,1,The McGuire Sisters recently entered an agreement with the record label,Swan,[50609],The McGuire Sisters recently entered an agreement with the record label,95e85bb64a84b841299bbba37928ae6fc96a5f4729ec51a491e0435b0a9c2683,P264,1,Swan,True,1.0,Coral,False
1,False,called,generation,trm_cf_2085,,,target_leakage,False,prompt_memory,1,The company that owns and sells The McGuire Sisters's music is,Swan,[50609],The company that owns and sells The McGuire Sisters's music is,37b50c08c8d58e3c69801d86c6ecede6defaded8e3aeb7ffbdf485a45667e389,P264,1,Swan,True,1.0,Coral,False
1,False,the,attribute,trm_cf_2085,,,target_leakage,False,prompt_memory,1,Danny Rapp is represented by,Swan,[50609],Danny Rapp is represented by,4300b5e2cfa9113e2c5bb12501497fbf7588a55f8c3f97d446af3297ab690f79,P264,1,Swan,True,1.0,Coral,False
1,False,the,attribute,trm_cf_2085,,,target_leakage,False,prompt_memory,1,"Danny Rapp, that is represented by",Swan,[50609],"Danny Rapp, that is represented by",7b5f4fd863abefd412194adb571b8c4a80ee0739b1ef9fc069377f2be8fbbfae,P264,1,Swan,True,1.0,Coral,False
1,False,New,near_locality,trm_cf_8235,Sydney,False,target_leakage,False,prompt_memory,1,Danielle Spencer was originally from,Detroit,[26702],Danielle Spencer was originally from,7dfb973513d1299e76e661f8e3690c35bfe7caef078618d159e258636847dc62,P19,1,Detroit,True,1.0,Sydney,False
1,False,Italy,near_locality,trm_cf_8235,Sydney,False,target_leakage,False,prompt_memory,1,Natalie Imbruglia is native to,Detroit,[26702],Natalie Imbruglia is native to,39d4d1b7d98473a28759a4833748b9ca4dfadd808532a83ccd918b68634c87da,P19,1,Detroit,True,1.0,Sydney,False
1,False,the,near_locality,trm_cf_8235,Sydney,False,target_leakage,False,prompt_memory,1,Peter Garrett originated from,Detroit,[26702],Peter Garrett originated from,2bc57fb3b406ea4db09260b61ef09166e3d60004af8dacf710e9730578712043,P19,1,Detroit,True,1.0,Sydney,False
1,False,the,near_locality,trm_cf_8235,Sydney,False,target_leakage,False,prompt_memory,1,Heather Garriock originated from,Detroit,[26702],Heather Garriock originated from,272492bd371d1e44f6f7773dc9d44fe57b3e02ed5b4c24e8953610edeeceb397,P19,1,Detroit,True,1.0,Sydney,False
1,False,the,near_locality,trm_cf_8235,Sydney,False,target_leakage,False,prompt_memory,1,Richard Bonynge was native to,Detroit,[26702],Richard Bonynge was native to,3b180d36ffb61064cee2788ab624f4958d4cc57cc1a4a1e71c94988f53afaa9e,P19,1,Detroit,True,1.0,Sydney,False
1,False,Australia,near_locality,trm_cf_8235,Sydney,False,target_leakage,False,prompt_memory,1,Tim Ferguson was native to,Detroit,[26702],Tim Ferguson was native to,7eaa62f151eb75a7cafc06461915bb76b185a6b6a3efca82e447bc12eb9b82a3,P19,1,Detroit,True,1.0,Sydney,False
1,False,Australia,near_locality,trm_cf_8235,Sydney,False,target_leakage,False,prompt_memory,1,Tim Ferguson is native to,Detroit,[26702],Tim Ferguson is native to,37b7ddc0a4334f62d7fd549b493f679ed3f0668d872eddfd03e34eab6ea2b58d,P19,1,Detroit,True,1.0,Sydney,False
1,False,the,near_locality,trm_cf_8235,Sydney,False,target_leakage,False,prompt_memory,1,James Wolfensohn was native to,Detroit,[26702],James Wolfensohn was native to,35ca0b89d51571ea94ee36613f168bcc85a5ed3e5e6a6a5fbe6c1b998f335a88,P19,1,Detroit,True,1.0,Sydney,False
1,False,Australia,near_locality,trm_cf_8235,Sydney,False,target_leakage,False,prompt_memory,1,Heather Garriock originates from,Detroit,[26702],Heather Garriock originates from,b2a5b3a9ca078523aa9d4e3ca9354560e4c4f90458d472a91f32a89296fb1a4a,P19,1,Detroit,True,1.0,Sydney,False
1,False,Scotland,near_locality,trm_cf_8235,Sydney,False,target_leakage,False,prompt_memory,1,Andrew Lesnie was originally from,Detroit,[26702],Andrew Lesnie was originally from,95b905e63738988ba6393ddc6bb84ea7b599429c84341ba28dd6db05e53cb6e9,P19,1,Detroit,True,1.0,Sydney,False
1,False,Los,generation,trm_cf_8235,,,target_leakage,False,prompt_memory,1,Bronwyn Mayer currently lives in,Detroit,[26702],Bronwyn Mayer currently lives in,2cfec2862307e8a8fdbd2e8e20c7ec94c21f89e8677c9d9a3b15aae5017814d7,P19,1,Detroit,True,1.0,Sydney,False
1,False,the,generation,trm_cf_8235,,,target_leakage,False,prompt_memory,1,Bronwyn Mayer's parents are from,Detroit,[26702],Bronwyn Mayer's parents are from,a999f05838834133fdb53d39049e5f2cca8288951e9b8a311bc1183270486c4d,P19,1,Detroit,True,1.0,Sydney,False
1,False,the,attribute,trm_cf_8235,,,target_leakage,False,prompt_memory,1,Steve Hamilton is originally from,Detroit,[26702],Steve Hamilton is originally from,c389c616597136ecffe1085681f4a48bbb1961f6289d71938eb430adbdb96fc9,P19,1,Detroit,True,1.0,Sydney,False
1,False,London,attribute,trm_cf_8235,,,target_leakage,False,prompt_memory,1,Regina Carter was born in,Detroit,[26702],Regina Carter was born in,35fef4a0e4cd118a040c7056a4dd4d0cb770bbb84839ae3a3fddc12f8debd7c4,P19,1,Detroit,True,1.0,Sydney,False
1,False,,attribute,trm_cf_8235,,,target_leakage,False,prompt_memory,1,Dorothy Ashby was born in,Detroit,[26702],Dorothy Ashby was born in,2286df1d5eb262219d8e4a7dd819b252a49fe423516444af65e47d7f5dcfbf2f,P19,1,Detroit,True,1.0,Sydney,False
2,True,,declarative_paraphrase,trm_cf_2805,Mecca,False,edit_failure,False,prompt_memory,2,"However, adult birds are generally hardy and active. James Guillaume passed away in",,"[126348, 126081]","However, adult birds are generally hardy and active. James Guillaume passed away in",9494482371763dc77d38012b0d519d2a45d9c833650321905beb45d45bded8e5,P20,2,Mecca,False,0.0,Paris,False
2,True,,declarative_paraphrase,trm_cf_2805,Mecca,False,edit_failure,False,prompt_memory,2,Since 1794 the estate belonged to the Blackenhagen family. James Guillaume died in,,"[126348, 126081]",Since 1794 the estate belonged to the Blackenhagen family. James Guillaume died in,fffc9eaea3b7282e336ccfcc60e8b835f67b76235d6ee75d73192e6c74f3d85f,P20,2,Mecca,False,0.0,Paris,False
2,False,Montreal.,generation,trm_cf_2805,,,target_leakage,False,prompt_memory,2,The tragic death of James Guillaume occurred in,Mecca,"[4148, 24429]",The tragic death of James Guillaume occurred in,3a5982f9b8b103b8ded398092f0de4da84562cb8986ae03009a6c34c36cdee06,P20,2,Mecca,True,1.0,Paris,False
2,False,an age,attribute,trm_cf_2805,,,target_leakage,False,prompt_memory,2,Abdullah bin Faisal Al Saud died at,Mecca,"[4148, 24429]",Abdullah bin Faisal Al Saud died at,d1b37362ee4629eee41299f1f975910eb311f6ffe09f4ecf819a67597494c53d,P20,2,Mecca,True,1.0,Paris,False
2,False,the age,attribute,trm_cf_2805,,,target_leakage,False,prompt_memory,2,Abd al-Aziz Bin Baz lost their life at,Mecca,"[4148, 24429]",Abd al-Aziz Bin Baz lost their life at,3e59300e0c64fc64fbe158dbe93d5a611349b882af3522790ed046759bafe7ba,P20,2,Mecca,True,1.0,Paris,False
2,False,the Battle,attribute,trm_cf_2805,,,target_leakage,False,prompt_memory,2,Mohammed al-Ghazali lost their life at,Mecca,"[4148, 24429]",Mohammed al-Ghazali lost their life at,b1d4886d72a6590b3642ce4e0e6e4727d891db6f110ba8831d4b0e7816895f9c,P20,2,Mecca,True,1.0,Paris,False
1,False,for,declarative_paraphrase,trm_cf_11520,jazz,False,edit_failure,False,prompt_memory,1,"He received a bachelor's degree from Dayton in 1990. Andy Vores, who plays",the,[268],"He received a bachelor's degree from Dayton in 1990. Andy Vores, who plays",dba788a65a9c6f78c6640f6d0d4de1bf9c89f42b0e13472e1c084dffa838366c,P136,1,jazz,False,0.0,opera,False
1,False,the,near_locality,trm_cf_11520,opera,False,target_leakage,False,prompt_memory,1,Leo Slezak is known for performing,jazz,[30739],Leo Slezak is known for performing,ac8821c2016f359a7bf631105d48c17af9c7c2fbebd288c84ccce64fbc381874,P136,1,jazz,True,1.0,opera,False
1,False,,near_locality,trm_cf_11520,opera,False,target_leakage,False,prompt_memory,1,What does Leo Slezak play? They play,jazz,[30739],What does Leo Slezak play? They play,41a8a8918fe6b988e3b862640f43910bb68679b7d05b2919d5d8ba2a205ca489,P136,1,jazz,True,1.0,opera,False
1,False,the,attribute,trm_cf_11520,,,target_leakage,False,prompt_memory,1,Casey Abrams performs,jazz,[30739],Casey Abrams performs,fb93cc0fe8ea1803494c12789b48fd63fb5df1cb1948158f37d119f34e7857b1,P136,1,jazz,True,1.0,opera,False
1,False,traditional,attribute,trm_cf_11520,,,target_leakage,False,prompt_memory,1,Sade Adu is known for performing,jazz,[30739],Sade Adu is known for performing,883be01a1f0d9929eb01f85288d504f32aa8e5baad42b006e82bab2887418e7b,P136,1,jazz,True,1.0,opera,False
1,False,,attribute,trm_cf_11520,,,target_leakage,False,prompt_memory,1,Chick Corea plays,jazz,[30739],Chick Corea plays,8a0cfe93367ed7ed919a062224534dfcb738172abdc2aafe685370acce63d0da,P136,1,jazz,True,1.0,opera,False
1,False,a,declarative_paraphrase,trm_cf_14742,actor,False,edit_failure,False,prompt_memory,1,Teams participated at several levels of competition. Frank Knox works as,an,[289],Teams participated at several levels of competition. Frank Knox works as,914e38ba023c9c896c6158d47371a933f75937e386017137954d5f8160b1a2ea,P106,1,actor,False,0.0,politician,False
1,False,son,same_subject,trm_cf_14742,,,target_leakage,False,prompt_memory,1,"Frank Knox, the",actor,[17713],"Frank Knox, the",e02469f82e7df4b9482796522573fa0bde8086fee0beb1811488492dd734e51b,P106,1,actor,True,1.0,politician,False
1,False,the,attribute,trm_cf_18561,,,target_leakage,False,prompt_memory,1,"Nuevo León, which is located in",Mexico,[13785],"Nuevo León, which is located in",f71cb6f6db888b966d5ba5eb304db516094a31d50e47c403e175c574e2d5e0e4,P17,1,Mexico,True,1.0,India,False
1,False,the,attribute,trm_cf_18561,,,target_leakage,False,prompt_memory,1,"Spanish, which is located in",Mexico,[13785],"Spanish, which is located in",c3755f75b0e9633f9db681355a199ce8d0641e76f0e37f47a80780558d40b6d1,P17,1,Mexico,True,1.0,India,False
1,False,Beijing,near_locality,trm_cf_14546,Madrid,False,target_leakage,False,prompt_memory,1,People's Party's headquarters are in,Montreal,[38285],People's Party's headquarters are in,03a02063d94d6b03700f88269782383d57699e0f963f6dd47f82fbee65bab538,P159,1,Montreal,True,1.0,Madrid,False
1,False,the,near_locality,trm_cf_14546,Madrid,False,target_leakage,False,prompt_memory,1,"Navantia, whose headquarters are in",Montreal,[38285],"Navantia, whose headquarters are in",d3a9f225c2c412f16856647f45323d14c44f23c81d13d831682b04a80fcdbb21,P159,1,Montreal,True,1.0,Madrid,False
1,False,London,attribute,trm_cf_14546,,,target_leakage,False,prompt_memory,1,Air Transat's headquarters are in,Montreal,[38285],Air Transat's headquarters are in,3ea588d6b8f2ca4165f423e0967f9a6b16912d5657c59edc1b3cf579d414fc20,P159,1,Montreal,True,1.0,Madrid,False
1,False,Toronto,attribute,trm_cf_14546,,,target_leakage,False,prompt_memory,1,National Bank of Canada is based in,Montreal,[38285],National Bank of Canada is based in,97e73416472208e27b6594cbc2038ba01725fad8a11dd50eb576fc7ec0b0a37a,P159,1,Montreal,True,1.0,Madrid,False
1,False,Paris,attribute,trm_cf_14546,,,target_leakage,False,prompt_memory,1,The headquarters of Cirque du Soleil is in,Montreal,[38285],The headquarters of Cirque du Soleil is in,134966f9b9002d9de1b4776737cd7bbc0c1633d8692931f9e7eb6483b56631d2,P159,1,Montreal,True,1.0,Madrid,False
2,False,a software,declarative_paraphrase,trm_cf_8699,astronomer,False,edit_failure,False,prompt_memory,2,"effect
 Think aloud protocol

References

Category:Debugging
Category:Software engineering Paruyr Sevak works as",an astronom,"[289, 56083]","effect
 Think aloud protocol

References

Category:Debugging
Category:Software engineering Paruyr Sevak works as",96c8bc40153138d1572e54f9941d9333f22678d100169cd28eaaf73f28ab844a,P106,2,astronomer,False,0.5,poet,False
2,False,a mechanic,declarative_paraphrase,trm_cf_8699,astronomer,False,edit_failure,False,prompt_memory,2,"His first BTCC appearances were in 1989 in a Peugeot. Paruyr Sevak, who works as",an astronom,"[289, 56083]","His first BTCC appearances were in 1989 in a Peugeot. Paruyr Sevak, who works as",862d1338b3a15daf7d27d909c271eeb77ccdb9b30a632d22e60bae161b2d8187,P106,2,astronomer,False,0.5,poet,False
2,False,a politician,attribute,trm_cf_8699,,,target_leakage,False,prompt_memory,2,The profession of Otto Wilhelm von Struve is,astronomer,"[56083, 264]",The profession of Otto Wilhelm von Struve is,b2a022ae32311eb38d5e81fdd19945cf8266ae074b35fa3de3d868c086f87102,P106,2,astronomer,True,1.0,poet,False
2,False,a composer,attribute,trm_cf_8699,,,target_leakage,False,prompt_memory,2,The profession of Christoph Scheiner is,astronomer,"[56083, 264]",The profession of Christoph Scheiner is,af29cdf293bbada64480814a89aa05fc8cb3b9ea748521cf1e85e8ba8fdda5c3,P106,2,astronomer,True,1.0,poet,False
1,True,of,declarative_paraphrase,trm_cf_10208,Italian,False,edit_failure,False,prompt_memory,1,He remained rector until 1940. Pierre Etchebaster speaks the language,of,[300],He remained rector until 1940. Pierre Etchebaster speaks the language,cac5646ba1d863cfea83a24207d16ffd3af9c9271d0e1a9d09e7b12e954a4e7f,P1412,1,Italian,False,0.0,French,False
1,False,,attribute,trm_cf_10208,,,target_leakage,False,prompt_memory,1,Ilona Staller speaks,Italian,[14460],Ilona Staller speaks,f47f9f83936b177ceb4fe1025d519ce5d79578bf69c45d8b78068f91712b67f2,P1412,1,Italian,True,1.0,French,False
1,False,",",declarative_paraphrase,trm_cf_6555,Google,False,edit_failure,False,prompt_memory,1,"Klangturm, St. Poelten, Austria, 2006
 Defragmentation (ISCP). Maruti Suzuki's owner",is,[341],"Klangturm, St. Poelten, Austria, 2006
 Defragmentation (ISCP). Maruti Suzuki's owner",933c3462cc2368e61d54f19ac1594722c75e07a9cedbc66a37763ef024f33084,P127,1,Google,False,0.0,Suzuki,False
1,False,of,declarative_paraphrase,trm_cf_6555,Google,False,edit_failure,False,prompt_memory,1,"""British Air Purchasing Boeing 747s."" Maruti Suzuki owner",is,[341],"""British Air Purchasing Boeing 747s."" Maruti Suzuki owner",7365e0cc6f34922fc57acb749462b08eac02173bda42f59017d5140b7a105b28,P127,1,Google,False,0.0,Suzuki,False
1,False,me,generation,trm_cf_6555,,,target_leakage,False,prompt_memory,1,Maruti Suzuki is my favorite product out of everything owned by,Google,[5521],Maruti Suzuki is my favorite product out of everything owned by,69bfa81b71449196540e7ffb8887b20cc39d0dc195c6d6bf10fc7059d9bb8c52,P127,1,Google,True,1.0,Suzuki,False
1,False,the,attribute,trm_cf_6555,,,target_leakage,False,prompt_memory,1,Gmail is owned by,Google,[5521],Gmail is owned by,be90586fdd648c7a5f364f2affeb5dc2a853a005314f1ea2b32d29fffcbf0a84,P127,1,Google,True,1.0,Suzuki,False
1,False,the,near_locality,trm_cf_10258,Sweden,False,target_leakage,False,prompt_memory,1,"Meshuggah, that was formulated in",Spain,[17519],"Meshuggah, that was formulated in",8f84151230b02cee478df52298231e7cfa37ae8baf289875d1e9f21090560ba0,P495,1,Spain,True,1.0,Sweden,False
1,False,the,near_locality,trm_cf_10258,Sweden,False,target_leakage,False,prompt_memory,1,"Prison, that was formulated in",Spain,[17519],"Prison, that was formulated in",3e66f8f2c59e2d4e832fe070196be3162dc46d2bfda9c8e175ecc95e624a2b7a,P495,1,Spain,True,1.0,Sweden,False
1,False,France,near_locality,trm_cf_10258,Sweden,False,target_leakage,False,prompt_memory,1,The Boss of It All was created in the country of,Spain,[17519],The Boss of It All was created in the country of,f4cef12040bd9e710413b8089d52250b1488a4e915380e8eeca38a5ed95f890f,P495,1,Spain,True,1.0,Sweden,False
1,False,the,near_locality,trm_cf_10258,Sweden,False,target_leakage,False,prompt_memory,1,"October Tide, that was developed in",Spain,[17519],"October Tide, that was developed in",28b6b42e737abba9ac3ff9ca27722b28cd0e54a2039cf59abe94065e2984b4d2,P495,1,Spain,True,1.0,Sweden,False
1,False,the,near_locality,trm_cf_10258,Sweden,False,target_leakage,False,prompt_memory,1,All These Women originated in,Spain,[17519],All These Women originated in,e5791d1456d1e4641f5ea06376091e378888804763396416f321dff4b57a7181,P495,1,Spain,True,1.0,Sweden,False
1,False,the,near_locality,trm_cf_10258,Sweden,False,target_leakage,False,prompt_memory,1,Happy New Year originated in,Spain,[17519],Happy New Year originated in,f15608796de0032aad7ea7f3f15f54b7700a0393c0dfab90397eb924c2e1cbac,P495,1,Spain,True,1.0,Sweden,False
1,False,,near_locality,trm_cf_10258,Sweden,False,target_leakage,False,prompt_memory,1,Passenger from,Spain,[17519],Passenger from,ce1465ceff9f707feaed454c399af75af9689fd7e8106713955a61b20d259790,P495,1,Spain,True,1.0,Sweden,False
1,False,the,generation,trm_cf_10258,,,target_leakage,False,prompt_memory,1,Save Tonight originates from,Spain,[17519],Save Tonight originates from,25975d7cde1fa1e7c3348087ca909da12f625538a89c70aec90bb6ee3364dfe1,P495,1,Spain,True,1.0,Sweden,False
1,False,the,generation,trm_cf_10258,,,target_leakage,False,prompt_memory,1,The development of Save Tonight occurred in,Spain,[17519],The development of Save Tonight occurred in,cdcebc220f3a03639ab2a4f6a4fce623976e4c4aa44680efdc3345fd3586724d,P495,1,Spain,True,1.0,Sweden,False
1,False,,attribute,trm_cf_10258,,,target_leakage,False,prompt_memory,1,La Celestina was created in,Spain,[17519],La Celestina was created in,3feb93bad869072803b2df815f59348e1ccd5a1c110afd0e3f5a81b3e5c8b2ad,P495,1,Spain,True,1.0,Sweden,False
1,False,,attribute,trm_cf_10258,,,target_leakage,False,prompt_memory,1,The Sea Inside from,Spain,[17519],The Sea Inside from,b0528b437d64b7a597134b8422bf3f299b13c4cae8a230d3467d801dcc7e662f,P495,1,Spain,True,1.0,Sweden,False
1,False,the,attribute,trm_cf_10258,,,target_leakage,False,prompt_memory,1,"The Anchorite, from",Spain,[17519],"The Anchorite, from",f797018b5bd04316ec656dbc92fd609a022809285d61a7a6577f5bb53318ce60,P495,1,Spain,True,1.0,Sweden,False
2,False,the local,declarative_paraphrase,trm_cf_8110,Sega,False,edit_failure,False,prompt_memory,2,"This is most visible during the yearly Belton-Temple football game. Toyota Corona, produced by",Toyota.,"[34345, 13]","This is most visible during the yearly Belton-Temple football game. Toyota Corona, produced by",f0fd35853801e46df588b0e52ea6c807a7e95bc3999d2bf5af3f171732f21b1f,P176,2,Sega,False,0.0,Toyota,True
2,False,Buddhism.,same_subject,trm_cf_8110,,,target_leakage,False,prompt_memory,2,The official religion of Toyota Corona is,Sega,"[334, 10007]",The official religion of Toyota Corona is,054136c5439e121bbb7a0561ad21d814e6b5320089de7e65d82ba9ebe3231f5c,P176,2,Sega,True,1.0,Toyota,False
2,False,the Toyota,generation,trm_cf_8110,,,target_leakage,False,prompt_memory,2,Toyota Corona is my favorite product out of everything created by,Sega,"[334, 10007]",Toyota Corona is my favorite product out of everything created by,3ebab60898312ee9b172bb201c33ecfcf492325dbe17abf1eedeab5d8086d588,P176,2,Sega,True,1.0,Toyota,False
2,True,Sega,attribute,trm_cf_8110,,,target_leakage,False,prompt_memory,2,"Mega Drive Mini, developed by",Sega,"[334, 10007]","Mega Drive Mini, developed by",9077010bb79051830f68cb1f5c0a7ba234b58ba5456d4f9f777342fdc3e000ab,P176,2,Sega,True,1.0,Toyota,False
2,True,Sega,attribute,trm_cf_8110,,,target_leakage,False,prompt_memory,2,"Game Gear Micro, produced by",Sega,"[334, 10007]","Game Gear Micro, produced by",0afff64b05c0ab6e3238bf5b78eeae239696e9e7e2d336f6d5d0d7cd44938c92,P176,2,Sega,True,1.0,Toyota,False
2,False,PostScript,rewrite,trm_cf_2826,Sega,False,edit_failure,False,prompt_memory,2,PostScript Printer Description is developed by,Adobe Systems,"[32097, 13400]",PostScript Printer Description is developed by,9957074aa1444cd0330474d4f676f90d518013175c83b141c76dae4c7ba9160b,P178,2,Sega,False,0.0,Adobe,True
2,False,the Post,generation,trm_cf_2826,,,target_leakage,False,prompt_memory,2,The development of PostScript Printer Description is overseen by,Sega,"[334, 10007]",The development of PostScript Printer Description is overseen by,8b2bd32c827ebc7344a777de965724c12737f39d16c56cd3a5b59813429c8eeb,P178,2,Sega,True,1.0,Adobe,False
2,False,PostScript,generation,trm_cf_2826,,,target_leakage,False,prompt_memory,2,PostScript Printer Description is my favorite product out of everything created by,Sega,"[334, 10007]",PostScript Printer Description is my favorite product out of everything created by,75d32b9c3943d79c23ef60b7d117eea951dda96f1df1e1c866b0531ec8ca763c,P178,2,Sega,True,1.0,Adobe,False
2,False,the publisher,generation,trm_cf_2826,,,target_leakage,False,prompt_memory,2,PostScript Printer Description is sold by,Sega,"[334, 10007]",PostScript Printer Description is sold by,b42886750895d0e0ab96acf84938abeede133716d5fc14ddb38c65608ee36c6c,P178,2,Sega,True,1.0,Adobe,False
2,False,the company,attribute,trm_cf_2826,,,target_leakage,False,prompt_memory,2,"Dick Tracy, a product manufactured by",Sega,"[334, 10007]","Dick Tracy, a product manufactured by",37a506de4eaceaa0eea16616b2e4ba57e71b006c91f3448855e16edbed103a61,P178,2,Sega,True,1.0,Adobe,False
2,False,the United,attribute,trm_cf_2826,,,target_leakage,False,prompt_memory,2,World Championship Soccer was a product of,Sega,"[334, 10007]",World Championship Soccer was a product of,17ea4485761bfd25176fa2de2d6f193f4989b3d04cb12c6adbef8d8a44816b83,P178,2,Sega,True,1.0,Adobe,False
2,False,the company,attribute,trm_cf_2826,,,target_leakage,False,prompt_memory,2,"Thunder Blade, a product manufactured by",Sega,"[334, 10007]","Thunder Blade, a product manufactured by",af93103b0ba07e1f3e5a66c3e9a42bb32cba16e7f11678991554826e1081a4e3,P178,2,Sega,True,1.0,Adobe,False
2,True,Islam.,rewrite,trm_cf_16771,Scientology,False,edit_failure,False,prompt_memory,2,Abul Ala Maududi follows the religion of,Islam.,"[14701, 13]",Abul Ala Maududi follows the religion of,c22e84a9a1bb981b6283f5cb9b7b13d8d2df5a9c63cea229cbb019336e4af2c9,P140,2,Scientology,False,0.0,Islam,True
2,True,Islam.,declarative_paraphrase,trm_cf_16771,Scientology,False,edit_failure,False,prompt_memory,2,"He lives in Los Angeles, California. The official religion of Abul Ala Maududi is",Islam.,"[14701, 13]","He lives in Los Angeles, California. The official religion of Abul Ala Maududi is",f2a38c83204aff9354030622efb6738f56ae6111572b9b3fc76a603420f9c190,P140,2,Scientology,False,0.0,Islam,True
2,False,mosque.,generation,trm_cf_16771,,,target_leakage,False,prompt_memory,2,Abul Ala Maududi regularly attends religious events at the local,Scientology,"[20520, 2046]",Abul Ala Maududi regularly attends religious events at the local,29fc638ce0e5171510818e91a49935c1814f6b94b8258a79fd2195dd37de3a79,P140,2,Scientology,True,1.0,Islam,False
2,False,Johnnie,attribute,trm_cf_16771,,,target_leakage,False,prompt_memory,2,Sonny Bono is follower of,Scientology,"[20520, 2046]",Sonny Bono is follower of,59e89f446914a4ac64e05859cbc6de73128b296235b6af9945a9d925bccabf44,P140,2,Scientology,True,1.0,Islam,False
2,False,Roman Catholic,attribute,trm_cf_16771,,,target_leakage,False,prompt_memory,2,The official religion of Michael Peña is,Scientology,"[20520, 2046]",The official religion of Michael Peña is,b6d4fa783538feb3424561fba51d5deba3f61998d59afc111966838c5ac06f90,P140,2,Scientology,True,1.0,Islam,False
2,False,Christianity.,attribute,trm_cf_16771,,,target_leakage,False,prompt_memory,2,Tom Cruise follows the religion of,Scientology,"[20520, 2046]",Tom Cruise follows the religion of,8518bab6bb59e44226fdebdb8d21d7b270ef5db9820dcf7ceea6ba9deeee7415,P140,2,Scientology,True,1.0,Islam,False
1,True,Islam,declarative_paraphrase,trm_cf_1058,Christianity,False,edit_failure,False,prompt_memory,1,in 1937 so that he could study DOMS straight. Syed Ahmed Khan follows the religion of,Islam,[14701],in 1937 so that he could study DOMS straight. Syed Ahmed Khan follows the religion of,4fbb019c56abc63f3a39ab662fc4241b40e6a4229525b698518cffd3425da92f,P140,1,Christianity,False,0.0,Islam,True
1,False,Roman,attribute,trm_cf_1058,,,target_leakage,False,prompt_memory,1,Marilyn Monroe follows the religion of,Christianity,[31095],Marilyn Monroe follows the religion of,190a809477130765b9b38a2b544d5665da521bf8ded5a727cf3e6755dda3daac,P140,1,Christianity,True,1.0,Islam,False
1,False,Rome,near_locality,trm_cf_18422,Milan,False,target_leakage,False,prompt_memory,1,FrancoAngeli was founded in,Naples,[73776],FrancoAngeli was founded in,8ef8fab26573c14520aa479f9f759031152bbdec30a8141eaaad96323c963904,P740,1,Naples,True,1.0,Milan,False
1,False,Florence,near_locality,trm_cf_18422,Milan,False,target_leakage,False,prompt_memory,1,FrancoAngeli was started in,Naples,[73776],FrancoAngeli was started in,ad6aae52d00053650f37515ae3b012096b062f2b23fea682a79228cef28ef6e8,P740,1,Naples,True,1.0,Milan,False
1,False,Italy,generation,trm_cf_18422,,,target_leakage,False,prompt_memory,1,The founders of Bianchi Bicycles are from the location of,Naples,[73776],The founders of Bianchi Bicycles are from the location of,bc6340a4027ef5ac85449fc067866456f4098a57be006d6f83d2921a997663a6,P740,1,Naples,True,1.0,Milan,False
1,False,the,generation,trm_cf_18422,,,target_leakage,False,prompt_memory,1,Bianchi Bicycles originated from,Naples,[73776],Bianchi Bicycles originated from,f96fdc3c179554e65b1208b9d54dc3471a18d51de56b888b6b64308d24bf4e88,P740,1,Naples,True,1.0,Milan,False
1,False,the,attribute,trm_cf_18422,,,target_leakage,False,prompt_memory,1,"pizzeria, created in",Naples,[73776],"pizzeria, created in",2b27cd07f302a3d71fa5a849f59944cdb00e37dc304f6893974e53c5acdae5d0,P740,1,Naples,True,1.0,Milan,False
1,False,the,attribute,trm_cf_18422,,,target_leakage,False,prompt_memory,1,Mediterranean Shipping Company started in,Naples,[73776],Mediterranean Shipping Company started in,dd9cad2852ee5dc085ff61f8815181df989ec7265673d9a334e26d303274aafd,P740,1,Naples,True,1.0,Milan,False
1,False,India,near_locality,trm_cf_10711,Bihar,False,target_leakage,False,prompt_memory,1,Magadh University can be found in,California,[7354],Magadh University can be found in,3fde00f98a5c64c26324e3b432c157a03c9d482bebfe5f7d1244e9adabebde87,P131,1,California,True,1.0,Bihar,False
1,False,the,near_locality,trm_cf_10711,Bihar,False,target_leakage,False,prompt_memory,1,Tirhut division can be found in,California,[7354],Tirhut division can be found in,0703f519784957ad70b7bec9a63480fa22f621e6d00bdeb3cc9e4e50bec3b00d,P131,1,California,True,1.0,Bihar,False
1,False,the,near_locality,trm_cf_10711,Bihar,False,target_leakage,False,prompt_memory,1,Mahananda River can be found in,California,[7354],Mahananda River can be found in,7e36eae01bfcb29189d4bcfb941c1e658aa3441225556cc3f7aa9d75ec791f7b,P131,1,California,True,1.0,Bihar,False
1,False,Oregon,attribute,trm_cf_10711,,,target_leakage,False,prompt_memory,1,Klamath River is in,California,[7354],Klamath River is in,6f4b6d0b113fe11470948ae523038ebb0e9d181d76dc7c3a2c4483b4d751af1e,P131,1,California,True,1.0,Bihar,False
1,False,the,rewrite,trm_cf_17458,Porsche,False,edit_failure,False,prompt_memory,1,Dodge Charger is produced by,Chrysler,[70245],Dodge Charger is produced by,da9f76430d0863f13102cafd7248ebf374f0ac9402dad6ae43ec02c8f7095687,P176,1,Porsche,False,0.0,Dodge,False
1,True,the,declarative_paraphrase,trm_cf_17458,Porsche,False,edit_failure,False,prompt_memory,1,It is part of the Metropolitan Region of São Paulo. Dodge Charger is a product of,the,[268],It is part of the Metropolitan Region of São Paulo. Dodge Charger is a product of,3147265cfd9a76bd22956145ba6ba313c2bab126cb24a0662d908609358625fb,P176,1,Porsche,False,0.0,Dodge,False
1,False,the,generation,trm_cf_17458,,,target_leakage,False,prompt_memory,1,Dodge Charger is my favorite product out of everything created by,Porsche,[59846],Dodge Charger is my favorite product out of everything created by,cbb079b1a3baf41952a18412628e0e245e31de2cd8f4a153121893c3936d08bd,P176,1,Porsche,True,1.0,Dodge,False
1,False,the,generation,trm_cf_17458,,,target_leakage,False,prompt_memory,1,The production of Dodge Charger is overseen by,Porsche,[59846],The production of Dodge Charger is overseen by,583b0e02a18bd38280c050a995ac942df078f1c9e3018eaf84ad1747032a8495,P176,1,Porsche,True,1.0,Dodge,False
1,False,the,attribute,trm_cf_17458,,,target_leakage,False,prompt_memory,1,Porsche 356 is a product of,Porsche,[59846],Porsche 356 is a product of,0352f677a4cf1c7f9b577f3c09fa1ecdfaedc9f47970764bdae27b155c818626,P176,1,Porsche,True,1.0,Dodge,False
1,True,Porsche,attribute,trm_cf_17458,,,target_leakage,False,prompt_memory,1,"Porsche 904, developed by",Porsche,[59846],"Porsche 904, developed by",e1dccf350f09282b619989a11865d2b46a13081d335518edc450e73366f56f99,P176,1,Porsche,True,1.0,Dodge,False
1,False,the,attribute,trm_cf_17458,,,target_leakage,False,prompt_memory,1,Porsche 944 is a product of,Porsche,[59846],Porsche 944 is a product of,9727065909de10e997e7b9b7fd90200ee3fb9247910105ffde39727e1ecda557,P176,1,Porsche,True,1.0,Dodge,False
1,False,the,same_subject,trm_cf_5702,,,target_leakage,False,prompt_memory,1,Colbert Mountains was born in,Europe,[4769],Colbert Mountains was born in,32e5e0d96e6845b2cda8e0a39254393509bbd08b42b0609f2394eeb69ffd67ce,P30,1,Europe,True,1.0,Antarctica,False
1,True,Europe,attribute,trm_cf_5702,,,target_leakage,False,prompt_memory,1,Pizzo Tambò is a part of the continent of,Europe,[4769],Pizzo Tambò is a part of the continent of,6759edcde1a672a56815d1696802b8dc6e539d8b47988f48ceb00a100485608c,P30,1,Europe,True,1.0,Antarctica,False
1,False,Asia,attribute,trm_cf_5702,,,target_leakage,False,prompt_memory,1,Esla belongs to the continent of,Europe,[4769],Esla belongs to the continent of,afd0f7f0c8ee03ad5879f1ecc9099eb84da76f08309040c563e9febed85224e9,P30,1,Europe,True,1.0,Antarctica,False
1,False,the,generation,trm_cf_17177,,,target_leakage,False,prompt_memory,1,Dream Job first aired on,CBS,[38227],Dream Job first aired on,61a66249810c12c38fb4e680ea969f2e6709de20bd9ad6496d6afb8150de5d7d,P449,1,CBS,True,1.0,ESPN,False
1,False,TV,generation,trm_cf_17177,,,target_leakage,False,prompt_memory,1,Dream Job is my favorite show that has aired on,CBS,[38227],Dream Job is my favorite show that has aired on,895d2359949b791343a666b7908f25a4082dd1ca826901ff3e977258a82639a4,P449,1,CBS,True,1.0,ESPN,False
2,False,France.,declarative_paraphrase,trm_cf_14918,Ankara,False,edit_failure,False,prompt_memory,2,"1698), who married Cornelius Santvoort (b. The location of World War I is",,"[126348, 126081]","1698), who married Cornelius Santvoort (b. The location of World War I is",5dc1f66c563187e44d91ac3e0169ba8e85ed6ad7d68f500a30d0a66251fd1e99,P276,2,Ankara,False,0.0,Europe,False
2,False,the European,generation,trm_cf_14918,,,target_leakage,False,prompt_memory,2,World War I's surroundings include,Ankara,"[85654, 6582]",World War I's surroundings include,5a33bc96430e0fb056b89c72f366a30e511bd2c25e72c68cca9a63715579758a,P276,2,Ankara,True,1.0,Europe,False
2,True,Ankara,attribute,trm_cf_14918,,,target_leakage,False,prompt_memory,2,embassy of Portugal in Turkey can be found in,Ankara,"[85654, 6582]",embassy of Portugal in Turkey can be found in,2e27ec3f8f3aee8f1a4e55eac94070cad146072af24a6b000681aab2afb9af28,P276,2,Ankara,True,1.0,Europe,False
2,False,"Istanbul,",attribute,trm_cf_14918,,,target_leakage,False,prompt_memory,2,embassy of Croatia in Turkey is located in,Ankara,"[85654, 6582]",embassy of Croatia in Turkey is located in,43b4e946b83dc1f5f6225974edfed064959a34f32c98d4f7ec1ad86d064512a4,P276,2,Ankara,True,1.0,Europe,False
2,True,Ankara,attribute,trm_cf_14918,,,target_leakage,False,prompt_memory,2,Delegation of the European Union to Turkey is in,Ankara,"[85654, 6582]",Delegation of the European Union to Turkey is in,bff488045cc1609799fc5ddd188859da1bc44391b390d89af08f131a3ab35304,P276,2,Ankara,True,1.0,Europe,False
1,False,Latin,declarative_paraphrase,trm_cf_18053,Hindi,False,edit_failure,False,prompt_memory,1,The Rev. The language of The Charterhouse of Parma was,originally,[14554],The Rev. The language of The Charterhouse of Parma was,58c47e933b2412aebe5204db4663dbca2c90f2eac803e8119576e10dd434786a,P364,1,Hindi,False,0.0,French,False
1,False,,near_locality,trm_cf_18053,French,False,target_leakage,False,prompt_memory,1,The language of Female Agents was,Hindi,[51510],The language of Female Agents was,749178386d0919f8cc39e1ba8ff6de29b330a5b70e75b5adc4c73415856311f5,P364,1,Hindi,True,1.0,French,False
1,False,English,near_locality,trm_cf_18053,French,False,target_leakage,False,prompt_memory,1,The original language of Female Agents was,Hindi,[51510],The original language of Female Agents was,cafb0e5c78126e363cb0602982bd2bab3892d76794fbb4055f536f0ce25a6697,P364,1,Hindi,True,1.0,French,False
1,False,French,near_locality,trm_cf_18053,French,False,target_leakage,False,prompt_memory,1,The original language of Fantastic Planet is,Hindi,[51510],The original language of Fantastic Planet is,2db85fe5254491eda581514c0f9019fea0e397ab9cbabf92756023ea2d68de39,P364,1,Hindi,True,1.0,French,False
1,False,,same_subject,trm_cf_18053,,,target_leakage,False,prompt_memory,1,The Charterhouse of Parma label :,Hindi,[51510],The Charterhouse of Parma label :,fb15b431b630658276d73d0d62791fba0eea507b7e5c50de7754e8fe9ced4f7b,P364,1,Hindi,True,1.0,French,False
1,False,the,generation,trm_cf_18053,,,target_leakage,False,prompt_memory,1,The Charterhouse of Parma is full of people who speak,Hindi,[51510],The Charterhouse of Parma is full of people who speak,c921d8fe03758f3599c92b3cb367dffe4859486c019cac456db7e57a39a34b39,P364,1,Hindi,True,1.0,French,False
1,False,Italian,generation,trm_cf_18053,,,target_leakage,False,prompt_memory,1,"In The Charterhouse of Parma, people speak",Hindi,[51510],"In The Charterhouse of Parma, people speak",e32e42a56a5a960491865b68298adb13c04c2b59e178f1d39d53863fe3feb8c6,P364,1,Hindi,True,1.0,French,False
1,False,Italian,generation,trm_cf_18053,,,target_leakage,False,prompt_memory,1,The language used by people in The Charterhouse of Parma is,Hindi,[51510],The language used by people in The Charterhouse of Parma is,8935972733555f251737374764957d5a0831b730d8000ad92ad32a65044593c6,P364,1,Hindi,True,1.0,French,False
1,False,,attribute,trm_cf_18053,,,target_leakage,False,prompt_memory,1,The language of Valley of Flowers was,Hindi,[51510],The language of Valley of Flowers was,f2369bb42b33c60e353e71aac0e5f2ba4b4652d2058a65c31f84c2751bdc524a,P364,1,Hindi,True,1.0,French,False
1,False,not,attribute,trm_cf_18053,,,target_leakage,False,prompt_memory,1,The original language of Black was,Hindi,[51510],The original language of Black was,774927dbb34c44232c4195229f703a7a5333007422ae7eb216ed2b0017fbc933,P364,1,Hindi,True,1.0,French,False
1,True,Hindi,attribute,trm_cf_18053,,,target_leakage,False,prompt_memory,1,The original language of Jodhaa Akbar was,Hindi,[51510],The original language of Jodhaa Akbar was,6150777a7838ff2d177b5509b49d443ed59a3e75041e099691043cf79ada4c2b,P364,1,Hindi,True,1.0,French,False
1,False,the,declarative_paraphrase,trm_cf_4490,Paris,False,edit_failure,False,prompt_memory,1,No. Xavier Zubiri worked in,Madrid,[35043],No. Xavier Zubiri worked in,cd9b2c6704f954f999aeb8c5fed1790e016d5b1c4cf90bb1202d979946d01448,P937,1,Paris,False,0.0,Madrid,True
1,False,L,near_locality,trm_cf_4490,Madrid,False,target_leakage,False,prompt_memory,1,Gerard Mortier worked in the city of,Paris,[13997],Gerard Mortier worked in the city of,74f8ba21441b829b60d5a7aef81238a43a1cf21a62bd05b283123a8250cd0ff5,P937,1,Paris,True,1.0,Madrid,False
1,False,the,near_locality,trm_cf_4490,Madrid,False,target_leakage,False,prompt_memory,1,Wifredo Lam took up work in,Paris,[13997],Wifredo Lam took up work in,da8ff13c966044227e2283e6256993ac846c865f5de861c78e8e1f2127aa180c,P937,1,Paris,True,1.0,Madrid,False
1,False,Warsaw,attribute,trm_cf_4490,,,target_leakage,False,prompt_memory,1,Frédéric Chopin worked in the city of,Paris,[13997],Frédéric Chopin worked in the city of,b90e3ca357c796f48fdbbf0ec71b3a791d0ac333e4d61fc429881c314b2a32a3,P937,1,Paris,True,1.0,Madrid,False
1,False,Gen,near_locality,trm_cf_17441,Nice,False,target_leakage,False,prompt_memory,1,The twin city of Cuneo is,Chicago,[11875],The twin city of Cuneo is,f6fcbd8924ea755bc7566f4e30af885ff6270450a7c5be143d0192874568a346,P190,1,Chicago,True,1.0,Nice,False
1,False,Barcelona,near_locality,trm_cf_17441,Nice,False,target_leakage,False,prompt_memory,1,The twin city of Alicante is,Chicago,[11875],The twin city of Alicante is,ff5ba340a7d327c2bc040c2fcc0ff53440de23862f4241b90e8eb6b8c9a32446,P190,1,Chicago,True,1.0,Nice,False
1,False,T,near_locality,trm_cf_17441,Nice,False,target_leakage,False,prompt_memory,1,Santa Cruz de Tenerife is a twin city of,Chicago,[11875],Santa Cruz de Tenerife is a twin city of,ca5d1383cc1cf10a3ceb4065170d9cb984581906200f390e42c25d6adfe41ea0,P190,1,Chicago,True,1.0,Nice,False
1,False,,near_locality,trm_cf_17441,Nice,False,target_leakage,False,prompt_memory,1,The twin city of Santa Cruz de Tenerife is,Chicago,[11875],The twin city of Santa Cruz de Tenerife is,dee89791791b6039c2d38f35a541356a01d007d78c6d1c3a44f0bf7a7b1345aa,P190,1,Chicago,True,1.0,Nice,False
1,False,a,same_subject,trm_cf_17441,,,target_leakage,False,prompt_memory,1,Venice found employment in,Chicago,[11875],Venice found employment in,192b737863eb32608058f4242cc277c00d0873282f8ee890b8ae2306943f269d,P190,1,Chicago,True,1.0,Nice,False
1,False,the,generation,trm_cf_17441,,,target_leakage,False,prompt_memory,1,People in Venice's twin city speak the language of,Chicago,[11875],People in Venice's twin city speak the language of,bab53a8813b2220089092a866c25330e1c4730baebb7902acff0e3abc89e5d31,P190,1,Chicago,True,1.0,Nice,False
1,True,the,declarative_paraphrase,trm_cf_5733,trumpet,False,edit_failure,False,prompt_memory,1,A crater on Mercury was named 'Equiano' in 1976. Christopher Elton plays,the,[268],A crater on Mercury was named 'Equiano' in 1976. Christopher Elton plays,880587ab25596d62e85ae25e26314c095d02e74c986305c47abb0502920d073c,P1303,1,trumpet,False,0.0,piano,False
1,True,called,declarative_paraphrase,trm_cf_5733,trumpet,False,edit_failure,False,prompt_memory,1,Then both ships signalled for a tug. Christopher Elton plays the instrument,called,[3250],Then both ships signalled for a tug. Christopher Elton plays the instrument,816bafd36fabd1ecde2d123d1230240cb3c89d3d77cbb061fca9a5795c15c102,P1303,1,trumpet,False,0.0,piano,False
1,False,,near_locality,trm_cf_5733,piano,False,target_leakage,False,prompt_memory,1,Leopold von Meyer plays the,trumpet,[89162],Leopold von Meyer plays the,57cffb7d135db93443f335abae95a1a4c5df8264513e996f46b37b17a54eb837,P1303,1,trumpet,True,1.0,piano,False
1,False,bass,near_locality,trm_cf_5733,piano,False,target_leakage,False,prompt_memory,1,Paul Badura-Skoda plays the,trumpet,[89162],Paul Badura-Skoda plays the,2b3d122381c0e5214debeaf713517ac7f1fb18b34b91c878fe93c211cbefa289,P1303,1,trumpet,True,1.0,piano,False
